filepath,patient_id,label,leftHorizontalRatio,rightHorizontalRatio,leftVerticalRatio,rightVerticalRatio,interocularDistance,horizontalRatioDiff,verticalRatioDiff,leftEyeWidth,rightEyeWidth,irisDistanceRatio
dataset/normal/PATIENT_N002_img01.jpg,PATIENT_N002,0,-0.5,-0.5,0.330754770448235,0.49748106866112835,0.11105486995140192,0.18810601135912375,0.16672629821289336,0.0914650413824182,0.08880242515613723,1.6760685675720368
dataset/normal/PATIENT_N002_img02.jpg,PATIENT_N002,0,-0.5,-0.5,0.330754770448235,0.49748106866112835,0.11105486995140192,0.18810601135912375,0.16672629821289336,0.0914650413824182,0.08880242515613723,1.6760685675720368
dataset/normal/PATIENT_N002_img03.jpg,PATIENT_N002,0,-0.5,-0.5,0.330754770448235,0.49748106866112835,0.11105486995140192,0.18810601135912375,0.16672629821289336,0.0914650413824182,0.08880242515613723,1.6760685675720368
dataset/normal/PATIENT_N002_img04.jpg,PATIENT_N002,0,-0.5,-0.5,0.330754770448235,0.49748106866112835,0.11105486995140192,0.18810601135912375,0.16672629821289336,0.0914650413824182,0.08880242515613723,1.6760685675720368
dataset/normal/PATIENT_N005_img01.jpg,PATIENT_N005,0,-0.5,-0.5,0.330754770448235,0.49748106866112835,0.11105486995140192,0.18810601135912375,0.16672629821289336,0.0914650413824182,0.08880242515613723,1.6760685675720368
dataset/normal/PATIENT_N005_img02.jpg,PATIENT_N005,0,-0.5,-0.5,0.330754770448235,0.49748106866112835,0.11105486995140192,0.18810601135912375,0.16672629821289336,0.0914650413824182,0.08880242515613723,1.6760685675720368
dataset/normal/PATIENT_N005_img03.jpg,PATIENT_N005,0,-0.5,-0.5,0.330754770448235,0.49748106866112835,0.11105486995140192,0.18810601135912375,0.16672629821289336,0.0914650413824182,0.08880242515613723,1.6760685675720368
dataset/normal/PATIENT_N005_img04.jpg,PATIENT_N005,0,-0.5,-0.5,0.330754770448235,0.49748106866112835,0.11105486995140192,0.18810601135912375,0.16672629821289336,0.0914650413824182,0.08880242515613723,1.6760685675720368
dataset/normal/PATIENT_N006_img01.jpg,PATIENT_N006,0,-0.5,-0.5,0.330754770448235,0.49748106866112835,0.11105486995140192,0.18810601135912375,0.16672629821289336,0.0914650413824182,0.08880242515613723,1.6760685675720368
dataset/normal/PATIENT_N006_img02.jpg,PATIENT_N006,0,-0.5,-0.5,0.330754770448235,0.49748106866112835,0.11105486995140192,0.18810601135912375,0.16672629821289336,0.0914650413824182,0.08880242515613723,1.6760685675720368
dataset/normal/PATIENT_N006_img03.jpg,PATIENT_N006,0,-0.5,-0.5,0.330754770448235,0.49748106866112835,0.11105486995140192,0.18810601135912375,0.16672629821289336,0.0914650413824182,0.08880242515613723,1.6760685675720368
dataset/normal/PATIENT_N006_img04.jpg,PATIENT_N006,0,-0.5,-0.5,0.330754770448235,0.49748106866112835,0.11105486995140192,0.18810601135912375,0.16672629821289336,0.0914650413824182,0.08880242515613723,1.6760685675720368
dataset/normal/PATIENT_N007_img01.jpg,PATIENT_N007,0,-0.5,-0.5,0.330754770448235,0.49748106866112835,0.11105486995140192,0.18810601135912375,0.16672629821289336,0.0914650413824182,0.08880242515613723,1.6760685675720368
dataset/normal/PATIENT_N007_img02.jpg,PATIENT_N007,0,-0.5,-0.5,0.330754770448235,0.49748106866112835,0.11105486995140192,0.18810601135912375,0.16672629821289336,0.0914650413824182,0.08880242515613723,1.6760685675720368
dataset/normal/PATIENT_N007_img03.jpg,PATIENT_N007,0,-0.5,-0.5,0.330754770448235,0.49748106866112835,0.11105486995140192,0.18810601135912375,0.16672629821289336,0.0914650413824182,0.08880242515613723,1.6760685675720368
dataset/normal/PATIENT_N007_img04.jpg,PATIENT_N007,0,-0.5,-0.5,0.330754770448235,0.49748106866112835,0.11105486995140192,0.18810601135912375,0.16672629821289336,0.0914650413824182,0.08880242515613723,1.6760685675720368
dataset/normal/PATIENT_N010_img01.jpg,PATIENT_N010,0,-0.5,-0.5,0.330754770448235,0.49748106866112835,0.11105486995140192,0.18810601135912375,0.16672629821289336,0.0914650413824182,0.08880242515613723,1.6760685675720368
dataset/normal/PATIENT_N010_img02.jpg,PATIENT_N010,0,-0.5,-0.5,0.330754770448235,0.49748106866112835,0.11105486995140192,0.18810601135912375,0.16672629821289336,0.0914650413824182,0.08880242515613723,1.6760685675720368
dataset/normal/PATIENT_N010_img03.jpg,PATIENT_N010,0,-0.5,-0.5,0.330754770448235,0.49748106866112835,0.11105486995140192,0.18810601135912375,0.16672629821289336,0.0914650413824182,0.08880242515613723,1.6760685675720368
dataset/normal/PATIENT_N010_img04.jpg,PATIENT_N010,0,-0.5,-0.5,0.330754770448235,0.49748106866112835,0.11105486995140192,0.18810601135912375,0.16672629821289336,0.0914650413824182,0.08880242515613723,1.6760685675720368
dataset/normal/PATIENT_N011_img01.jpg,PATIENT_N011,0,-0.5,-0.5,0.330754770448235,0.49748106866112835,0.11105486995140192,0.18810601135912375,0.16672629821289336,0.0914650413824182,0.08880242515613723,1.6760685675720368
dataset/normal/PATIENT_N011_img02.jpg,PATIENT_N011,0,-0.5,-0.5,0.330754770448235,0.49748106866112835,0.11105486995140192,0.18810601135912375,0.16672629821289336,0.0914650413824182,0.08880242515613723,1.6760685675720368
dataset/normal/PATIENT_N011_img03.jpg,PATIENT_N011,0,-0.5,-0.5,0.330754770448235,0.49748106866112835,0.11105486995140192,0.18810601135912375,0.16672629821289336,0.0914650413824182,0.08880242515613723,1.6760685675720368
dataset/normal/PATIENT_N011_img04.jpg,PATIENT_N011,0,-0.5,-0.5,0.330754770448235,0.49748106866112835,0.11105486995140192,0.18810601135912375,0.16672629821289336,0.0914650413824182,0.08880242515613723,1.6760685675720368
dataset/normal/PATIENT_N012_img01.jpg,PATIENT_N012,0,-0.5,-0.5,0.330754770448235,0.49748106866112835,0.11105486995140192,0.18810601135912375,0.16672629821289336,0.0914650413824182,0.08880242515613723,1.6760685675720368
dataset/normal/PATIENT_N012_img02.jpg,PATIENT_N012,0,-0.5,-0.5,0.330754770448235,0.49748106866112835,0.11105486995140192,0.18810601135912375,0.16672629821289336,0.0914650413824182,0.08880242515613723,1.6760685675720368
dataset/normal/PATIENT_N012_img03.jpg,PATIENT_N012,0,-0.5,-0.5,0.330754770448235,0.49748106866112835,0.11105486995140192,0.18810601135912375,0.16672629821289336,0.0914650413824182,0.08880242515613723,1.6760685675720368
dataset/normal/PATIENT_N012_img04.jpg,PATIENT_N012,0,-0.5,-0.5,0.330754770448235,0.49748106866112835,0.11105486995140192,0.18810601135912375,0.16672629821289336,0.0914650413824182,0.08880242515613723,1.6760685675720368
dataset/normal/PATIENT_N013_img01.jpg,PATIENT_N013,0,-0.5,-0.5,0.330754770448235,0.49748106866112835,0.11105486995140192,0.18810601135912375,0.16672629821289336,0.0914650413824182,0.08880242515613723,1.6760685675720368
dataset/normal/PATIENT_N013_img02.jpg,PATIENT_N013,0,-0.5,-0.5,0.330754770448235,0.49748106866112835,0.11105486995140192,0.18810601135912375,0.16672629821289336,0.0914650413824182,0.08880242515613723,1.6760685675720368
dataset/normal/PATIENT_N013_img03.jpg,PATIENT_N013,0,-0.5,-0.5,0.330754770448235,0.49748106866112835,0.11105486995140192,0.18810601135912375,0.16672629821289336,0.0914650413824182,0.08880242515613723,1.6760685675720368
dataset/normal/PATIENT_N013_img04.jpg,PATIENT_N013,0,-0.5,-0.5,0.330754770448235,0.49748106866112835,0.11105486995140192,0.18810601135912375,0.16672629821289336,0.0914650413824182,0.08880242515613723,1.6760685675720368
dataset/normal/PATIENT_N014_img01.jpg,PATIENT_N014,0,-0.5,-0.5,0.330754770448235,0.49748106866112835,0.11105486995140192,0.18810601135912375,0.16672629821289336,0.0914650413824182,0.08880242515613723,1.6760685675720368
dataset/normal/PATIENT_N014_img02.jpg,PATIENT_N014,0,-0.5,-0.5,0.330754770448235,0.49748106866112835,0.11105486995140192,0.18810601135912375,0.16672629821289336,0.0914650413824182,0.08880242515613723,1.6760685675720368
dataset/normal/PATIENT_N014_img03.jpg,PATIENT_N014,0,-0.5,-0.5,0.330754770448235,0.49748106866112835,0.11105486995140192,0.18810601135912375,0.16672629821289336,0.0914650413824182,0.08880242515613723,1.6760685675720368
dataset/normal/PATIENT_N014_img04.jpg,PATIENT_N014,0,-0.5,-0.5,0.330754770448235,0.49748106866112835,0.11105486995140192,0.18810601135912375,0.16672629821289336,0.0914650413824182,0.08880242515613723,1.6760685675720368
dataset/normal/PATIENT_N015_img01.jpg,PATIENT_N015,0,-0.5,-0.5,0.330754770448235,0.49748106866112835,0.11105486995140192,0.18810601135912375,0.16672629821289336,0.0914650413824182,0.08880242515613723,1.6760685675720368
dataset/normal/PATIENT_N015_img02.jpg,PATIENT_N015,0,-0.5,-0.5,0.330754770448235,0.49748106866112835,0.11105486995140192,0.18810601135912375,0.16672629821289336,0.0914650413824182,0.08880242515613723,1.6760685675720368
dataset/normal/PATIENT_N015_img03.jpg,PATIENT_N015,0,-0.5,-0.5,0.330754770448235,0.49748106866112835,0.11105486995140192,0.18810601135912375,0.16672629821289336,0.0914650413824182,0.08880242515613723,1.6760685675720368
dataset/normal/PATIENT_N015_img04.jpg,PATIENT_N015,0,-0.5,-0.5,0.330754770448235,0.49748106866112835,0.11105486995140192,0.18810601135912375,0.16672629821289336,0.0914650413824182,0.08880242515613723,1.6760685675720368
dataset/normal/PATIENT_N016_img01.jpg,PATIENT_N016,0,-0.5,-0.5,0.330754770448235,0.49748106866112835,0.11105486995140192,0.18810601135912375,0.16672629821289336,0.0914650413824182,0.08880242515613723,1.6760685675720368
dataset/normal/PATIENT_N016_img02.jpg,PATIENT_N016,0,-0.5,-0.5,0.330754770448235,0.49748106866112835,0.11105486995140192,0.18810601135912375,0.16672629821289336,0.0914650413824182,0.08880242515613723,1.6760685675720368
dataset/normal/PATIENT_N016_img03.jpg,PATIENT_N016,0,-0.5,-0.5,0.330754770448235,0.49748106866112835,0.11105486995140192,0.18810601135912375,0.16672629821289336,0.0914650413824182,0.08880242515613723,1.6760685675720368
dataset/normal/PATIENT_N016_img04.jpg,PATIENT_N016,0,-0.5,-0.5,0.330754770448235,0.49748106866112835,0.11105486995140192,0.18810601135912375,0.16672629821289336,0.0914650413824182,0.08880242515613723,1.6760685675720368
dataset/normal/PATIENT_N018_img01.jpg,PATIENT_N018,0,-0.5,-0.5,0.330754770448235,0.49748106866112835,0.11105486995140192,0.18810601135912375,0.16672629821289336,0.0914650413824182,0.08880242515613723,1.6760685675720368
dataset/normal/PATIENT_N018_img02.jpg,PATIENT_N018,0,-0.5,-0.5,0.330754770448235,0.49748106866112835,0.11105486995140192,0.18810601135912375,0.16672629821289336,0.0914650413824182,0.08880242515613723,1.6760685675720368
dataset/normal/PATIENT_N018_img03.jpg,PATIENT_N018,0,-0.5,-0.5,0.330754770448235,0.49748106866112835,0.11105486995140192,0.18810601135912375,0.16672629821289336,0.0914650413824182,0.08880242515613723,1.6760685675720368
dataset/normal/PATIENT_N018_img04.jpg,PATIENT_N018,0,-0.5,-0.5,0.330754770448235,0.49748106866112835,0.11105486995140192,0.18810601135912375,0.16672629821289336,0.0914650413824182,0.08880242515613723,1.6760685675720368
dataset/normal/PATIENT_N019_img01.jpg,PATIENT_N019,0,-0.5,-0.5,0.330754770448235,0.49748106866112835,0.11105486995140192,0.18810601135912375,0.16672629821289336,0.0914650413824182,0.08880242515613723,1.6760685675720368
dataset/normal/PATIENT_N019_img02.jpg,PATIENT_N019,0,-0.5,-0.5,0.330754770448235,0.49748106866112835,0.11105486995140192,0.18810601135912375,0.16672629821289336,0.0914650413824182,0.08880242515613723,1.6760685675720368
dataset/normal/PATIENT_N019_img03.jpg,PATIENT_N019,0,-0.5,-0.5,0.330754770448235,0.49748106866112835,0.11105486995140192,0.18810601135912375,0.16672629821289336,0.0914650413824182,0.08880242515613723,1.6760685675720368
dataset/normal/PATIENT_N019_img04.jpg,PATIENT_N019,0,-0.5,-0.5,0.330754770448235,0.49748106866112835,0.11105486995140192,0.18810601135912375,0.16672629821289336,0.0914650413824182,0.08880242515613723,1.6760685675720368
dataset/normal/PATIENT_N020_img01.jpg,PATIENT_N020,0,-0.5,-0.5,0.330754770448235,0.49748106866112835,0.11105486995140192,0.18810601135912375,0.16672629821289336,0.0914650413824182,0.08880242515613723,1.6760685675720368
dataset/normal/PATIENT_N020_img02.jpg,PATIENT_N020,0,-0.5,-0.5,0.330754770448235,0.49748106866112835,0.11105486995140192,0.18810601135912375,0.16672629821289336,0.0914650413824182,0.08880242515613723,1.6760685675720368
dataset/normal/PATIENT_N020_img03.jpg,PATIENT_N020,0,-0.5,-0.5,0.330754770448235,0.49748106866112835,0.11105486995140192,0.18810601135912375,0.16672629821289336,0.0914650413824182,0.08880242515613723,1.6760685675720368
dataset/normal/PATIENT_N020_img04.jpg,PATIENT_N020,0,-0.5,-0.5,0.330754770448235,0.49748106866112835,0.11105486995140192,0.18810601135912375,0.16672629821289336,0.0914650413824182,0.08880242515613723,1.6760685675720368
dataset/strabismus/PATIENT_S001_img01.jpg,PATIENT_S001,1,-0.5,-0.5,0.39621460842864725,0.5081043987205371,0.11087848646865017,0.4253070670851078,0.11188979029188989,0.10155070856842612,0.0914830054076667,1.94216376332331
dataset/strabismus/PATIENT_S001_img02.jpg,PATIENT_S001,1,-0.5,-0.5,0.39621460842864725,0.5081043987205371,0.11087848646865017,0.4253070670851078,0.11188979029188989,0.10155070856842612,0.0914830054076667,1.94216376332331
dataset/strabismus/PATIENT_S001_img03.jpg,PATIENT_S001,1,-0.5,-0.5,0.39621460842864725,0.5081043987205371,0.11087848646865017,0.4253070670851078,0.11188979029188989,0.10155070856842612,0.0914830054076667,1.94216376332331
dataset/strabismus/PATIENT_S001_img04.jpg,PATIENT_S001,1,-0.5,-0.5,0.39621460842864725,0.5081043987205371,0.11087848646865017,0.4253070670851078,0.11188979029188989,0.10155070856842612,0.0914830054076667,1.94216376332331
dataset/strabismus/PATIENT_S002_img01.jpg,PATIENT_S002,1,-0.5,-0.5,0.3279654497132466,0.45784409464039916,0.08841367248665052,0.06995369910293547,0.12987864492715256,0.09717663361501491,0.08954570601508759,1.7823599103904237
dataset/strabismus/PATIENT_S002_img02.jpg,PATIENT_S002,1,-0.5,-0.5,0.3279654497132466,0.45784409464039916,0.08841367248665052,0.06995369910293547,0.12987864492715256,0.09717663361501491,0.08954570601508759,1.7823599103904237
dataset/strabismus/PATIENT_S002_img03.jpg,PATIENT_S002,1,-0.5,-0.5,0.3279654497132466,0.45784409464039916,0.08841367248665052,0.06995369910293547,0.12987864492715256,0.09717663361501491,0.08954570601508759,1.7823599103904237
dataset/strabismus/PATIENT_S002_img04.jpg,PATIENT_S002,1,-0.5,-0.5,0.3279654497132466,0.45784409464039916,0.08841367248665052,0.06995369910293547,0.12987864492715256,0.09717663361501491,0.08954570601508759,1.7823599103904237
dataset/strabismus/PATIENT_S003_img01.jpg,PATIENT_S003,1,-0.5,-0.5,0.39621460842864725,0.5081043987205371,0.11087848646865017,0.4253070670851078,0.11188979029188989,0.10155070856842612,0.0914830054076667,1.94216376332331
dataset/strabismus/PATIENT_S003_img02.jpg,PATIENT_S003,1,-0.5,-0.5,0.39621460842864725,0.5081043987205371,0.11087848646865017,0.4253070670851078,0.11188979029188989,0.10155070856842612,0.0914830054076667,1.94216376332331
dataset/strabismus/PATIENT_S003_img03.jpg,PATIENT_S003,1,-0.5,-0.5,0.39621460842864725,0.5081043987205371,0.11087848646865017,0.4253070670851078,0.11188979029188989,0.10155070856842612,0.0914830054076667,1.94216376332331
dataset/strabismus/PATIENT_S003_img04.jpg,PATIENT_S003,1,-0.5,-0.5,0.39621460842864725,0.5081043987205371,0.11087848646865017,0.4253070670851078,0.11188979029188989,0.10155070856842612,0.0914830054076667,1.94216376332331
dataset/strabismus/PATIENT_S004_img01.jpg,PATIENT_S004,1,-0.5,-0.5,0.3279654497132466,0.45784409464039916,0.08841367248665052,0.06995369910293547,0.12987864492715256,0.09717663361501491,0.08954570601508759,1.7823599103904237
dataset/strabismus/PATIENT_S004_img02.jpg,PATIENT_S004,1,-0.5,-0.5,0.3279654497132466,0.45784409464039916,0.08841367248665052,0.06995369910293547,0.12987864492715256,0.09717663361501491,0.08954570601508759,1.7823599103904237
dataset/strabismus/PATIENT_S004_img03.jpg,PATIENT_S004,1,-0.5,-0.5,0.3279654497132466,0.45784409464039916,0.08841367248665052,0.06995369910293547,0.12987864492715256,0.09717663361501491,0.08954570601508759,1.7823599103904237
dataset/strabismus/PATIENT_S004_img04.jpg,PATIENT_S004,1,-0.5,-0.5,0.3279654497132466,0.45784409464039916,0.08841367248665052,0.06995369910293547,0.12987864492715256,0.09717663361501491,0.08954570601508759,1.7823599103904237
dataset/strabismus/PATIENT_S005_img01.jpg,PATIENT_S005,1,-0.5,-0.5,0.39621460842864725,0.5081043987205371,0.11087848646865017,0.4253070670851078,0.11188979029188989,0.10155070856842612,0.0914830054076667,1.94216376332331
dataset/strabismus/PATIENT_S005_img02.jpg,PATIENT_S005,1,-0.5,-0.5,0.39621460842864725,0.5081043987205371,0.11087848646865017,0.4253070670851078,0.11188979029188989,0.10155070856842612,0.0914830054076667,1.94216376332331
dataset/strabismus/PATIENT_S005_img03.jpg,PATIENT_S005,1,-0.5,-0.5,0.39621460842864725,0.5081043987205371,0.11087848646865017,0.4253070670851078,0.11188979029188989,0.10155070856842612,0.0914830054076667,1.94216376332331
dataset/strabismus/PATIENT_S005_img04.jpg,PATIENT_S005,1,-0.5,-0.5,0.39621460842864725,0.5081043987205371,0.11087848646865017,0.4253070670851078,0.11188979029188989,0.10155070856842612,0.0914830054076667,1.94216376332331
dataset/strabismus/PATIENT_S006_img01.jpg,PATIENT_S006,1,-0.5,-0.5,0.3279654497132466,0.45784409464039916,0.08841367248665052,0.06995369910293547,0.12987864492715256,0.09717663361501491,0.08954570601508759,1.7823599103904237
dataset/strabismus/PATIENT_S006_img02.jpg,PATIENT_S006,1,-0.5,-0.5,0.3279654497132466,0.45784409464039916,0.08841367248665052,0.06995369910293547,0.12987864492715256,0.09717663361501491,0.08954570601508759,1.7823599103904237
dataset/strabismus/PATIENT_S006_img03.jpg,PATIENT_S006,1,-0.5,-0.5,0.3279654497132466,0.45784409464039916,0.08841367248665052,0.06995369910293547,0.12987864492715256,0.09717663361501491,0.08954570601508759,1.7823599103904237
dataset/strabismus/PATIENT_S006_img04.jpg,PATIENT_S006,1,-0.5,-0.5,0.3279654497132466,0.45784409464039916,0.08841367248665052,0.06995369910293547,0.12987864492715256,0.09717663361501491,0.08954570601508759,1.7823599103904237
dataset/strabismus/PATIENT_S009_img01.jpg,PATIENT_S009,1,-0.5,-0.5,0.39621460842864725,0.5081043987205371,0.11087848646865017,0.4253070670851078,0.11188979029188989,0.10155070856842612,0.0914830054076667,1.94216376332331
dataset/strabismus/PATIENT_S009_img02.jpg,PATIENT_S009,1,-0.5,-0.5,0.39621460842864725,0.5081043987205371,0.11087848646865017,0.4253070670851078,0.11188979029188989,0.10155070856842612,0.0914830054076667,1.94216376332331
dataset/strabismus/PATIENT_S009_img03.jpg,PATIENT_S009,1,-0.5,-0.5,0.39621460842864725,0.5081043987205371,0.11087848646865017,0.4253070670851078,0.11188979029188989,0.10155070856842612,0.0914830054076667,1.94216376332331
dataset/strabismus/PATIENT_S009_img04.jpg,PATIENT_S009,1,-0.5,-0.5,0.39621460842864725,0.5081043987205371,0.11087848646865017,0.4253070670851078,0.11188979029188989,0.10155070856842612,0.0914830054076667,1.94216376332331
dataset/strabismus/PATIENT_S010_img01.jpg,PATIENT_S010,1,-0.5,-0.5,0.3279654497132466,0.45784409464039916,0.08841367248665052,0.06995369910293547,0.12987864492715256,0.09717663361501491,0.08954570601508759,1.7823599103904237
dataset/strabismus/PATIENT_S010_img02.jpg,PATIENT_S010,1,-0.5,-0.5,0.3279654497132466,0.45784409464039916,0.08841367248665052,0.06995369910293547,0.12987864492715256,0.09717663361501491,0.08954570601508759,1.7823599103904237
dataset/strabismus/PATIENT_S010_img03.jpg,PATIENT_S010,1,-0.5,-0.5,0.3279654497132466,0.45784409464039916,0.08841367248665052,0.06995369910293547,0.12987864492715256,0.09717663361501491,0.08954570601508759,1.7823599103904237
dataset/strabismus/PATIENT_S010_img04.jpg,PATIENT_S010,1,-0.5,-0.5,0.3279654497132466,0.45784409464039916,0.08841367248665052,0.06995369910293547,0.12987864492715256,0.09717663361501491,0.08954570601508759,1.7823599103904237
dataset/strabismus/PATIENT_S011_img01.jpg,PATIENT_S011,1,-0.5,-0.5,0.39621460842864725,0.5081043987205371,0.11087848646865017,0.4253070670851078,0.11188979029188989,0.10155070856842612,0.0914830054076667,1.94216376332331
dataset/strabismus/PATIENT_S011_img02.jpg,PATIENT_S011,1,-0.5,-0.5,0.39621460842864725,0.5081043987205371,0.11087848646865017,0.4253070670851078,0.11188979029188989,0.10155070856842612,0.0914830054076667,1.94216376332331
dataset/strabismus/PATIENT_S011_img03.jpg,PATIENT_S011,1,-0.5,-0.5,0.39621460842864725,0.5081043987205371,0.11087848646865017,0.4253070670851078,0.11188979029188989,0.10155070856842612,0.0914830054076667,1.94216376332331
dataset/strabismus/PATIENT_S011_img04.jpg,PATIENT_S011,1,-0.5,-0.5,0.39621460842864725,0.5081043987205371,0.11087848646865017,0.4253070670851078,0.11188979029188989,0.10155070856842612,0.0914830054076667,1.94216376332331
dataset/strabismus/PATIENT_S012_img01.jpg,PATIENT_S012,1,-0.5,-0.5,0.3279654497132466,0.45784409464039916,0.08841367248665052,0.06995369910293547,0.12987864492715256,0.09717663361501491,0.08954570601508759,1.7823599103904237
dataset/strabismus/PATIENT_S012_img02.jpg,PATIENT_S012,1,-0.5,-0.5,0.3279654497132466,0.45784409464039916,0.08841367248665052,0.06995369910293547,0.12987864492715256,0.09717663361501491,0.08954570601508759,1.7823599103904237
dataset/strabismus/PATIENT_S012_img03.jpg,PATIENT_S012,1,-0.5,-0.5,0.3279654497132466,0.45784409464039916,0.08841367248665052,0.06995369910293547,0.12987864492715256,0.09717663361501491,0.08954570601508759,1.7823599103904237
dataset/strabismus/PATIENT_S012_img04.jpg,PATIENT_S012,1,-0.5,-0.5,0.3279654497132466,0.45784409464039916,0.08841367248665052,0.06995369910293547,0.12987864492715256,0.09717663361501491,0.08954570601508759,1.7823599103904237
dataset/strabismus/PATIENT_S013_img01.jpg,PATIENT_S013,1,-0.5,-0.5,0.39621460842864725,0.5081043987205371,0.11087848646865017,0.4253070670851078,0.11188979029188989,0.10155070856842612,0.0914830054076667,1.94216376332331
dataset/strabismus/PATIENT_S013_img02.jpg,PATIENT_S013,1,-0.5,-0.5,0.39621460842864725,0.5081043987205371,0.11087848646865017,0.4253070670851078,0.11188979029188989,0.10155070856842612,0.0914830054076667,1.94216376332331
dataset/strabismus/PATIENT_S013_img03.jpg,PATIENT_S013,1,-0.5,-0.5,0.39621460842864725,0.5081043987205371,0.11087848646865017,0.4253070670851078,0.11188979029188989,0.10155070856842612,0.0914830054076667,1.94216376332331
dataset/strabismus/PATIENT_S013_img04.jpg,PATIENT_S013,1,-0.5,-0.5,0.39621460842864725,0.5081043987205371,0.11087848646865017,0.4253070670851078,0.11188979029188989,0.10155070856842612,0.0914830054076667,1.94216376332331
dataset/strabismus/PATIENT_S015_img01.jpg,PATIENT_S015,1,-0.5,-0.5,0.39621460842864725,0.5081043987205371,0.11087848646865017,0.4253070670851078,0.11188979029188989,0.10155070856842612,0.0914830054076667,1.94216376332331
dataset/strabismus/PATIENT_S015_img02.jpg,PATIENT_S015,1,-0.5,-0.5,0.39621460842864725,0.5081043987205371,0.11087848646865017,0.4253070670851078,0.11188979029188989,0.10155070856842612,0.0914830054076667,1.94216376332331
dataset/strabismus/PATIENT_S015_img03.jpg,PATIENT_S015,1,-0.5,-0.5,0.39621460842864725,0.5081043987205371,0.11087848646865017,0.4253070670851078,0.11188979029188989,0.10155070856842612,0.0914830054076667,1.94216376332331
dataset/strabismus/PATIENT_S015_img04.jpg,PATIENT_S015,1,-0.5,-0.5,0.39621460842864725,0.5081043987205371,0.11087848646865017,0.4253070670851078,0.11188979029188989,0.10155070856842612,0.0914830054076667,1.94216376332331
dataset/strabismus/PATIENT_S017_img01.jpg,PATIENT_S017,1,-0.5,-0.5,0.39621460842864725,0.5081043987205371,0.11087848646865017,0.4253070670851078,0.11188979029188989,0.10155070856842612,0.0914830054076667,1.94216376332331
dataset/strabismus/PATIENT_S017_img02.jpg,PATIENT_S017,1,-0.5,-0.5,0.39621460842864725,0.5081043987205371,0.11087848646865017,0.4253070670851078,0.11188979029188989,0.10155070856842612,0.0914830054076667,1.94216376332331
dataset/strabismus/PATIENT_S017_img03.jpg,PATIENT_S017,1,-0.5,-0.5,0.39621460842864725,0.5081043987205371,0.11087848646865017,0.4253070670851078,0.11188979029188989,0.10155070856842612,0.0914830054076667,1.94216376332331
dataset/strabismus/PATIENT_S017_img04.jpg,PATIENT_S017,1,-0.5,-0.5,0.39621460842864725,0.5081043987205371,0.11087848646865017,0.4253070670851078,0.11188979029188989,0.10155070856842612,0.0914830054076667,1.94216376332331
dataset/strabismus/PATIENT_S019_img01.jpg,PATIENT_S019,1,-0.5,-0.5,0.39621460842864725,0.5081043987205371,0.11087848646865017,0.4253070670851078,0.11188979029188989,0.10155070856842612,0.0914830054076667,1.94216376332331
dataset/strabismus/PATIENT_S019_img02.jpg,PATIENT_S019,1,-0.5,-0.5,0.39621460842864725,0.5081043987205371,0.11087848646865017,0.4253070670851078,0.11188979029188989,0.10155070856842612,0.0914830054076667,1.94216376332331
dataset/strabismus/PATIENT_S019_img03.jpg,PATIENT_S019,1,-0.5,-0.5,0.39621460842864725,0.5081043987205371,0.11087848646865017,0.4253070670851078,0.11188979029188989,0.10155070856842612,0.0914830054076667,1.94216376332331
dataset/strabismus/PATIENT_S019_img04.jpg,PATIENT_S019,1,-0.5,-0.5,0.39621460842864725,0.5081043987205371,0.11087848646865017,0.4253070670851078,0.11188979029188989,0.10155070856842612,0.0914830054076667,1.94216376332331
