filepath,filename,class_name,label,patient_id,width,height
dataset/normal/PATIENT_N001_img01.jpg,PATIENT_N001_img01.jpg,normal,0,PATIENT_N001,640,480
dataset/normal/PATIENT_N001_img02.jpg,PATIENT_N001_img02.jpg,normal,0,PATIENT_N001,640,480
dataset/normal/PATIENT_N001_img03.jpg,PATIENT_N001_img03.jpg,normal,0,PATIENT_N001,640,480
dataset/normal/PATIENT_N001_img04.jpg,PATIENT_N001_img04.jpg,normal,0,PATIENT_N001,640,480
dataset/normal/PATIENT_N002_img01.jpg,PATIENT_N002_img01.jpg,normal,0,PATIENT_N002,640,480
dataset/normal/PATIENT_N002_img02.jpg,PATIENT_N002_img02.jpg,normal,0,PATIENT_N002,640,480
dataset/normal/PATIENT_N002_img03.jpg,PATIENT_N002_img03.jpg,normal,0,PATIENT_N002,640,480
dataset/normal/PATIENT_N002_img04.jpg,PATIENT_N002_img04.jpg,normal,0,PATIENT_N002,640,480
dataset/normal/PATIENT_N003_img01.jpg,PATIENT_N003_img01.jpg,normal,0,PATIENT_N003,640,480
dataset/normal/PATIENT_N003_img02.jpg,PATIENT_N003_img02.jpg,normal,0,PATIENT_N003,640,480
dataset/normal/PATIENT_N003_img03.jpg,PATIENT_N003_img03.jpg,normal,0,PATIENT_N003,640,480
dataset/normal/PATIENT_N003_img04.jpg,PATIENT_N003_img04.jpg,normal,0,PATIENT_N003,640,480
dataset/normal/PATIENT_N004_img01.jpg,PATIENT_N004_img01.jpg,normal,0,PATIENT_N004,640,480
dataset/normal/PATIENT_N004_img02.jpg,PATIENT_N004_img02.jpg,normal,0,PATIENT_N004,640,480
dataset/normal/PATIENT_N004_img03.jpg,PATIENT_N004_img03.jpg,normal,0,PATIENT_N004,640,480
dataset/normal/PATIENT_N004_img04.jpg,PATIENT_N004_img04.jpg,normal,0,PATIENT_N004,640,480
dataset/normal/PATIENT_N005_img01.jpg,PATIENT_N005_img01.jpg,normal,0,PATIENT_N005,640,480
dataset/normal/PATIENT_N005_img02.jpg,PATIENT_N005_img02.jpg,normal,0,PATIENT_N005,640,480
dataset/normal/PATIENT_N005_img03.jpg,PATIENT_N005_img03.jpg,normal,0,PATIENT_N005,640,480
dataset/normal/PATIENT_N005_img04.jpg,PATIENT_N005_img04.jpg,normal,0,PATIENT_N005,640,480
dataset/normal/PATIENT_N006_img01.jpg,PATIENT_N006_img01.jpg,normal,0,PATIENT_N006,640,480
dataset/normal/PATIENT_N006_img02.jpg,PATIENT_N006_img02.jpg,normal,0,PATIENT_N006,640,480
dataset/normal/PATIENT_N006_img03.jpg,PATIENT_N006_img03.jpg,normal,0,PATIENT_N006,640,480
dataset/normal/PATIENT_N006_img04.jpg,PATIENT_N006_img04.jpg,normal,0,PATIENT_N006,640,480
dataset/normal/PATIENT_N007_img01.jpg,PATIENT_N007_img01.jpg,normal,0,PATIENT_N007,640,480
dataset/normal/PATIENT_N007_img02.jpg,PATIENT_N007_img02.jpg,normal,0,PATIENT_N007,640,480
dataset/normal/PATIENT_N007_img03.jpg,PATIENT_N007_img03.jpg,normal,0,PATIENT_N007,640,480
dataset/normal/PATIENT_N007_img04.jpg,PATIENT_N007_img04.jpg,normal,0,PATIENT_N007,640,480
dataset/normal/PATIENT_N008_img01.jpg,PATIENT_N008_img01.jpg,normal,0,PATIENT_N008,640,480
dataset/normal/PATIENT_N008_img02.jpg,PATIENT_N008_img02.jpg,normal,0,PATIENT_N008,640,480
dataset/normal/PATIENT_N008_img03.jpg,PATIENT_N008_img03.jpg,normal,0,PATIENT_N008,640,480
dataset/normal/PATIENT_N008_img04.jpg,PATIENT_N008_img04.jpg,normal,0,PATIENT_N008,640,480
dataset/normal/PATIENT_N009_img01.jpg,PATIENT_N009_img01.jpg,normal,0,PATIENT_N009,640,480
dataset/normal/PATIENT_N009_img02.jpg,PATIENT_N009_img02.jpg,normal,0,PATIENT_N009,640,480
dataset/normal/PATIENT_N009_img03.jpg,PATIENT_N009_img03.jpg,normal,0,PATIENT_N009,640,480
dataset/normal/PATIENT_N009_img04.jpg,PATIENT_N009_img04.jpg,normal,0,PATIENT_N009,640,480
dataset/normal/PATIENT_N010_img01.jpg,PATIENT_N010_img01.jpg,normal,0,PATIENT_N010,640,480
dataset/normal/PATIENT_N010_img02.jpg,PATIENT_N010_img02.jpg,normal,0,PATIENT_N010,640,480
dataset/normal/PATIENT_N010_img03.jpg,PATIENT_N010_img03.jpg,normal,0,PATIENT_N010,640,480
dataset/normal/PATIENT_N010_img04.jpg,PATIENT_N010_img04.jpg,normal,0,PATIENT_N010,640,480
dataset/normal/PATIENT_N011_img01.jpg,PATIENT_N011_img01.jpg,normal,0,PATIENT_N011,640,480
dataset/normal/PATIENT_N011_img02.jpg,PATIENT_N011_img02.jpg,normal,0,PATIENT_N011,640,480
dataset/normal/PATIENT_N011_img03.jpg,PATIENT_N011_img03.jpg,normal,0,PATIENT_N011,640,480
dataset/normal/PATIENT_N011_img04.jpg,PATIENT_N011_img04.jpg,normal,0,PATIENT_N011,640,480
dataset/normal/PATIENT_N012_img01.jpg,PATIENT_N012_img01.jpg,normal,0,PATIENT_N012,640,480
dataset/normal/PATIENT_N012_img02.jpg,PATIENT_N012_img02.jpg,normal,0,PATIENT_N012,640,480
dataset/normal/PATIENT_N012_img03.jpg,PATIENT_N012_img03.jpg,normal,0,PATIENT_N012,640,480
dataset/normal/PATIENT_N012_img04.jpg,PATIENT_N012_img04.jpg,normal,0,PATIENT_N012,640,480
dataset/normal/PATIENT_N013_img01.jpg,PATIENT_N013_img01.jpg,normal,0,PATIENT_N013,640,480
dataset/normal/PATIENT_N013_img02.jpg,PATIENT_N013_img02.jpg,normal,0,PATIENT_N013,640,480
dataset/normal/PATIENT_N013_img03.jpg,PATIENT_N013_img03.jpg,normal,0,PATIENT_N013,640,480
dataset/normal/PATIENT_N013_img04.jpg,PATIENT_N013_img04.jpg,normal,0,PATIENT_N013,640,480
dataset/normal/PATIENT_N014_img01.jpg,PATIENT_N014_img01.jpg,normal,0,PATIENT_N014,640,480
dataset/normal/PATIENT_N014_img02.jpg,PATIENT_N014_img02.jpg,normal,0,PATIENT_N014,640,480
dataset/normal/PATIENT_N014_img03.jpg,PATIENT_N014_img03.jpg,normal,0,PATIENT_N014,640,480
dataset/normal/PATIENT_N014_img04.jpg,PATIENT_N014_img04.jpg,normal,0,PATIENT_N014,640,480
dataset/normal/PATIENT_N015_img01.jpg,PATIENT_N015_img01.jpg,normal,0,PATIENT_N015,640,480
dataset/normal/PATIENT_N015_img02.jpg,PATIENT_N015_img02.jpg,normal,0,PATIENT_N015,640,480
dataset/normal/PATIENT_N015_img03.jpg,PATIENT_N015_img03.jpg,normal,0,PATIENT_N015,640,480
dataset/normal/PATIENT_N015_img04.jpg,PATIENT_N015_img04.jpg,normal,0,PATIENT_N015,640,480
dataset/normal/PATIENT_N016_img01.jpg,PATIENT_N016_img01.jpg,normal,0,PATIENT_N016,640,480
dataset/normal/PATIENT_N016_img02.jpg,PATIENT_N016_img02.jpg,normal,0,PATIENT_N016,640,480
dataset/normal/PATIENT_N016_img03.jpg,PATIENT_N016_img03.jpg,normal,0,PATIENT_N016,640,480
dataset/normal/PATIENT_N016_img04.jpg,PATIENT_N016_img04.jpg,normal,0,PATIENT_N016,640,480
dataset/normal/PATIENT_N017_img01.jpg,PATIENT_N017_img01.jpg,normal,0,PATIENT_N017,640,480
dataset/normal/PATIENT_N017_img02.jpg,PATIENT_N017_img02.jpg,normal,0,PATIENT_N017,640,480
dataset/normal/PATIENT_N017_img03.jpg,PATIENT_N017_img03.jpg,normal,0,PATIENT_N017,640,480
dataset/normal/PATIENT_N017_img04.jpg,PATIENT_N017_img04.jpg,normal,0,PATIENT_N017,640,480
dataset/normal/PATIENT_N018_img01.jpg,PATIENT_N018_img01.jpg,normal,0,PATIENT_N018,640,480
dataset/normal/PATIENT_N018_img02.jpg,PATIENT_N018_img02.jpg,normal,0,PATIENT_N018,640,480
dataset/normal/PATIENT_N018_img03.jpg,PATIENT_N018_img03.jpg,normal,0,PATIENT_N018,640,480
dataset/normal/PATIENT_N018_img04.jpg,PATIENT_N018_img04.jpg,normal,0,PATIENT_N018,640,480
dataset/normal/PATIENT_N019_img01.jpg,PATIENT_N019_img01.jpg,normal,0,PATIENT_N019,640,480
dataset/normal/PATIENT_N019_img02.jpg,PATIENT_N019_img02.jpg,normal,0,PATIENT_N019,640,480
dataset/normal/PATIENT_N019_img03.jpg,PATIENT_N019_img03.jpg,normal,0,PATIENT_N019,640,480
dataset/normal/PATIENT_N019_img04.jpg,PATIENT_N019_img04.jpg,normal,0,PATIENT_N019,640,480
dataset/normal/PATIENT_N020_img01.jpg,PATIENT_N020_img01.jpg,normal,0,PATIENT_N020,640,480
dataset/normal/PATIENT_N020_img02.jpg,PATIENT_N020_img02.jpg,normal,0,PATIENT_N020,640,480
dataset/normal/PATIENT_N020_img03.jpg,PATIENT_N020_img03.jpg,normal,0,PATIENT_N020,640,480
dataset/normal/PATIENT_N020_img04.jpg,PATIENT_N020_img04.jpg,normal,0,PATIENT_N020,640,480
dataset/strabismus/PATIENT_S001_img01.jpg,PATIENT_S001_img01.jpg,strabismus,1,PATIENT_S001,640,480
dataset/strabismus/PATIENT_S001_img02.jpg,PATIENT_S001_img02.jpg,strabismus,1,PATIENT_S001,640,480
dataset/strabismus/PATIENT_S001_img03.jpg,PATIENT_S001_img03.jpg,strabismus,1,PATIENT_S001,640,480
dataset/strabismus/PATIENT_S001_img04.jpg,PATIENT_S001_img04.jpg,strabismus,1,PATIENT_S001,640,480
dataset/strabismus/PATIENT_S002_img01.jpg,PATIENT_S002_img01.jpg,strabismus,1,PATIENT_S002,640,480
dataset/strabismus/PATIENT_S002_img02.jpg,PATIENT_S002_img02.jpg,strabismus,1,PATIENT_S002,640,480
dataset/strabismus/PATIENT_S002_img03.jpg,PATIENT_S002_img03.jpg,strabismus,1,PATIENT_S002,640,480
dataset/strabismus/PATIENT_S002_img04.jpg,PATIENT_S002_img04.jpg,strabismus,1,PATIENT_S002,640,480
dataset/strabismus/PATIENT_S003_img01.jpg,PATIENT_S003_img01.jpg,strabismus,1,PATIENT_S003,640,480
dataset/strabismus/PATIENT_S003_img02.jpg,PATIENT_S003_img02.jpg,strabismus,1,PATIENT_S003,640,480
dataset/strabismus/PATIENT_S003_img03.jpg,PATIENT_S003_img03.jpg,strabismus,1,PATIENT_S003,640,480
dataset/strabismus/PATIENT_S003_img04.jpg,PATIENT_S003_img04.jpg,strabismus,1,PATIENT_S003,640,480
dataset/strabismus/PATIENT_S004_img01.jpg,PATIENT_S004_img01.jpg,strabismus,1,PATIENT_S004,640,480
dataset/strabismus/PATIENT_S004_img02.jpg,PATIENT_S004_img02.jpg,strabismus,1,PATIENT_S004,640,480
dataset/strabismus/PATIENT_S004_img03.jpg,PATIENT_S004_img03.jpg,strabismus,1,PATIENT_S004,640,480
dataset/strabismus/PATIENT_S004_img04.jpg,PATIENT_S004_img04.jpg,strabismus,1,PATIENT_S004,640,480
dataset/strabismus/PATIENT_S005_img01.jpg,PATIENT_S005_img01.jpg,strabismus,1,PATIENT_S005,640,480
dataset/strabismus/PATIENT_S005_img02.jpg,PATIENT_S005_img02.jpg,strabismus,1,PATIENT_S005,640,480
dataset/strabismus/PATIENT_S005_img03.jpg,PATIENT_S005_img03.jpg,strabismus,1,PATIENT_S005,640,480
dataset/strabismus/PATIENT_S005_img04.jpg,PATIENT_S005_img04.jpg,strabismus,1,PATIENT_S005,640,480
dataset/strabismus/PATIENT_S006_img01.jpg,PATIENT_S006_img01.jpg,strabismus,1,PATIENT_S006,640,480
dataset/strabismus/PATIENT_S006_img02.jpg,PATIENT_S006_img02.jpg,strabismus,1,PATIENT_S006,640,480
dataset/strabismus/PATIENT_S006_img03.jpg,PATIENT_S006_img03.jpg,strabismus,1,PATIENT_S006,640,480
dataset/strabismus/PATIENT_S006_img04.jpg,PATIENT_S006_img04.jpg,strabismus,1,PATIENT_S006,640,480
dataset/strabismus/PATIENT_S007_img01.jpg,PATIENT_S007_img01.jpg,strabismus,1,PATIENT_S007,640,480
dataset/strabismus/PATIENT_S007_img02.jpg,PATIENT_S007_img02.jpg,strabismus,1,PATIENT_S007,640,480
dataset/strabismus/PATIENT_S007_img03.jpg,PATIENT_S007_img03.jpg,strabismus,1,PATIENT_S007,640,480
dataset/strabismus/PATIENT_S007_img04.jpg,PATIENT_S007_img04.jpg,strabismus,1,PATIENT_S007,640,480
dataset/strabismus/PATIENT_S008_img01.jpg,PATIENT_S008_img01.jpg,strabismus,1,PATIENT_S008,640,480
dataset/strabismus/PATIENT_S008_img02.jpg,PATIENT_S008_img02.jpg,strabismus,1,PATIENT_S008,640,480
dataset/strabismus/PATIENT_S008_img03.jpg,PATIENT_S008_img03.jpg,strabismus,1,PATIENT_S008,640,480
dataset/strabismus/PATIENT_S008_img04.jpg,PATIENT_S008_img04.jpg,strabismus,1,PATIENT_S008,640,480
dataset/strabismus/PATIENT_S009_img01.jpg,PATIENT_S009_img01.jpg,strabismus,1,PATIENT_S009,640,480
dataset/strabismus/PATIENT_S009_img02.jpg,PATIENT_S009_img02.jpg,strabismus,1,PATIENT_S009,640,480
dataset/strabismus/PATIENT_S009_img03.jpg,PATIENT_S009_img03.jpg,strabismus,1,PATIENT_S009,640,480
dataset/strabismus/PATIENT_S009_img04.jpg,PATIENT_S009_img04.jpg,strabismus,1,PATIENT_S009,640,480
dataset/strabismus/PATIENT_S010_img01.jpg,PATIENT_S010_img01.jpg,strabismus,1,PATIENT_S010,640,480
dataset/strabismus/PATIENT_S010_img02.jpg,PATIENT_S010_img02.jpg,strabismus,1,PATIENT_S010,640,480
dataset/strabismus/PATIENT_S010_img03.jpg,PATIENT_S010_img03.jpg,strabismus,1,PATIENT_S010,640,480
dataset/strabismus/PATIENT_S010_img04.jpg,PATIENT_S010_img04.jpg,strabismus,1,PATIENT_S010,640,480
dataset/strabismus/PATIENT_S011_img01.jpg,PATIENT_S011_img01.jpg,strabismus,1,PATIENT_S011,640,480
dataset/strabismus/PATIENT_S011_img02.jpg,PATIENT_S011_img02.jpg,strabismus,1,PATIENT_S011,640,480
dataset/strabismus/PATIENT_S011_img03.jpg,PATIENT_S011_img03.jpg,strabismus,1,PATIENT_S011,640,480
dataset/strabismus/PATIENT_S011_img04.jpg,PATIENT_S011_img04.jpg,strabismus,1,PATIENT_S011,640,480
dataset/strabismus/PATIENT_S012_img01.jpg,PATIENT_S012_img01.jpg,strabismus,1,PATIENT_S012,640,480
dataset/strabismus/PATIENT_S012_img02.jpg,PATIENT_S012_img02.jpg,strabismus,1,PATIENT_S012,640,480
dataset/strabismus/PATIENT_S012_img03.jpg,PATIENT_S012_img03.jpg,strabismus,1,PATIENT_S012,640,480
dataset/strabismus/PATIENT_S012_img04.jpg,PATIENT_S012_img04.jpg,strabismus,1,PATIENT_S012,640,480
dataset/strabismus/PATIENT_S013_img01.jpg,PATIENT_S013_img01.jpg,strabismus,1,PATIENT_S013,640,480
dataset/strabismus/PATIENT_S013_img02.jpg,PATIENT_S013_img02.jpg,strabismus,1,PATIENT_S013,640,480
dataset/strabismus/PATIENT_S013_img03.jpg,PATIENT_S013_img03.jpg,strabismus,1,PATIENT_S013,640,480
dataset/strabismus/PATIENT_S013_img04.jpg,PATIENT_S013_img04.jpg,strabismus,1,PATIENT_S013,640,480
dataset/strabismus/PATIENT_S014_img01.jpg,PATIENT_S014_img01.jpg,strabismus,1,PATIENT_S014,640,480
dataset/strabismus/PATIENT_S014_img02.jpg,PATIENT_S014_img02.jpg,strabismus,1,PATIENT_S014,640,480
dataset/strabismus/PATIENT_S014_img03.jpg,PATIENT_S014_img03.jpg,strabismus,1,PATIENT_S014,640,480
dataset/strabismus/PATIENT_S014_img04.jpg,PATIENT_S014_img04.jpg,strabismus,1,PATIENT_S014,640,480
dataset/strabismus/PATIENT_S015_img01.jpg,PATIENT_S015_img01.jpg,strabismus,1,PATIENT_S015,640,480
dataset/strabismus/PATIENT_S015_img02.jpg,PATIENT_S015_img02.jpg,strabismus,1,PATIENT_S015,640,480
dataset/strabismus/PATIENT_S015_img03.jpg,PATIENT_S015_img03.jpg,strabismus,1,PATIENT_S015,640,480
dataset/strabismus/PATIENT_S015_img04.jpg,PATIENT_S015_img04.jpg,strabismus,1,PATIENT_S015,640,480
dataset/strabismus/PATIENT_S016_img01.jpg,PATIENT_S016_img01.jpg,strabismus,1,PATIENT_S016,640,480
dataset/strabismus/PATIENT_S016_img02.jpg,PATIENT_S016_img02.jpg,strabismus,1,PATIENT_S016,640,480
dataset/strabismus/PATIENT_S016_img03.jpg,PATIENT_S016_img03.jpg,strabismus,1,PATIENT_S016,640,480
dataset/strabismus/PATIENT_S016_img04.jpg,PATIENT_S016_img04.jpg,strabismus,1,PATIENT_S016,640,480
dataset/strabismus/PATIENT_S017_img01.jpg,PATIENT_S017_img01.jpg,strabismus,1,PATIENT_S017,640,480
dataset/strabismus/PATIENT_S017_img02.jpg,PATIENT_S017_img02.jpg,strabismus,1,PATIENT_S017,640,480
dataset/strabismus/PATIENT_S017_img03.jpg,PATIENT_S017_img03.jpg,strabismus,1,PATIENT_S017,640,480
dataset/strabismus/PATIENT_S017_img04.jpg,PATIENT_S017_img04.jpg,strabismus,1,PATIENT_S017,640,480
dataset/strabismus/PATIENT_S018_img01.jpg,PATIENT_S018_img01.jpg,strabismus,1,PATIENT_S018,640,480
dataset/strabismus/PATIENT_S018_img02.jpg,PATIENT_S018_img02.jpg,strabismus,1,PATIENT_S018,640,480
dataset/strabismus/PATIENT_S018_img03.jpg,PATIENT_S018_img03.jpg,strabismus,1,PATIENT_S018,640,480
dataset/strabismus/PATIENT_S018_img04.jpg,PATIENT_S018_img04.jpg,strabismus,1,PATIENT_S018,640,480
dataset/strabismus/PATIENT_S019_img01.jpg,PATIENT_S019_img01.jpg,strabismus,1,PATIENT_S019,640,480
dataset/strabismus/PATIENT_S019_img02.jpg,PATIENT_S019_img02.jpg,strabismus,1,PATIENT_S019,640,480
dataset/strabismus/PATIENT_S019_img03.jpg,PATIENT_S019_img03.jpg,strabismus,1,PATIENT_S019,640,480
dataset/strabismus/PATIENT_S019_img04.jpg,PATIENT_S019_img04.jpg,strabismus,1,PATIENT_S019,640,480
dataset/strabismus/PATIENT_S020_img01.jpg,PATIENT_S020_img01.jpg,strabismus,1,PATIENT_S020,640,480
dataset/strabismus/PATIENT_S020_img02.jpg,PATIENT_S020_img02.jpg,strabismus,1,PATIENT_S020,640,480
dataset/strabismus/PATIENT_S020_img03.jpg,PATIENT_S020_img03.jpg,strabismus,1,PATIENT_S020,640,480
dataset/strabismus/PATIENT_S020_img04.jpg,PATIENT_S020_img04.jpg,strabismus,1,PATIENT_S020,640,480
